year,month,order_volume
2003,1,5
2003,2,3
2003,3,6
2003,4,7
2003,5,6
2003,6,6
2003,7,6
2003,8,5
2003,9,8
2003,10,17
2003,11,28
2003,12,7
2004,1,8
2004,2,10
2004,3,7
2004,4,10
2004,5,8
2004,6,10
2004,7,10
2004,8,12
2004,9,12
2004,10,13
2004,11,33
2004,12,11
2005,1,12
2005,2,12
2005,3,12
2005,4,9
2005,5,14
